month,01_Adoption_Programs,01_Wallet_Incentive_Pool,02_Long-Term_Reserve,03_Foundation_Treasury,04_Builder_&_Partner_Grants,05_Personnel,06_Early_Backers_Escrow,07_Founders_Escrow,09_Contingency_Reserve,10_Public_Sector_Programs,12_Node_Operations,unlocked_total_qdn,circulating_qdn,minted_supply_qdn,circulating_bps_of_supply
0,999000000,1000000,0,56000000,440000000,320000000,280000000,200000000,240000000,320000000,110100,2896000000,56110100,4000000000,140
1,999000000,1000000,5000000,63000000,440000000,320000000,280000000,200000000,240000000,320000000,110100,2908000000,56110100,4003333333,140
2,999000000,1000000,10000000,70000000,440000000,320000000,280000000,200000000,240000000,320000000,110100,2920000000,56110100,4006669444,140
3,999000000,1000000,15000000,77000000,440000000,320000000,280000000,200000000,240000000,320000000,110100,2932000000,56110100,4010008335,139
4,999000000,1000000,20000000,84000000,440000000,320000000,280000000,200000000,240000000,320000000,110100,2944000000,56110100,4013350009,139
5,999000000,1000000,25000000,91000000,440000000,320000000,280000000,200000000,240000000,320000000,110100,2956000000,56110100,4016694467,139
6,999000000,1000000,30000000,98000000,440000000,320000000,280000000,200000000,240000000,320000000,110100,2968000000,56110100,4020041712,139
7,999000000,1000000,35000000,105000000,440000000,320000000,280000000,200000000,240000000,320000000,110100,2980000000,56110100,4023391747,139
8,999000000,1000000,40000000,112000000,440000000,320000000,280000000,200000000,240000000,320000000,110100,2992000000,56110100,4026744574,139
9,999000000,1000000,45000000,119000000,440000000,320000000,280000000,200000000,240000000,320000000,110100,3004000000,56110100,4030100194,139
10,999000000,1000000,50000000,126000000,440000000,320000000,280000000,200000000,240000000,320000000,110100,3016000000,56110100,4033458611,139
11,999000000,1000000,55000000,133000000,440000000,320000000,280000000,200000000,240000000,320000000,110100,3028000000,56110100,4036819827,138
12,999000000,1000000,60000000,140000000,440000000,320000000,280000000,200000000,240000000,320000000,110100,3040000000,56110100,4040183843,138
13,999000000,1000000,65000000,147000000,440000000,320000000,280000000,200000000,240000000,320000000,110100,3052000000,56110100,4043550663,138
14,999000000,1000000,70000000,154000000,440000000,320000000,280000000,200000000,240000000,320000000,110100,3064000000,56110100,4046920288,138
15,999000000,1000000,75000000,161000000,440000000,320000000,280000000,200000000,240000000,320000000,110100,3076000000,56110100,4050292722,138
16,999000000,1000000,80000000,168000000,440000000,320000000,280000000,200000000,240000000,320000000,110100,3088000000,56110100,4053667966,138
17,999000000,1000000,85000000,175000000,440000000,320000000,280000000,200000000,240000000,320000000,110100,3100000000,56110100,4057046023,138
18,999000000,1000000,90000000,182000000,440000000,320000000,280000000,200000000,240000000,320000000,110100,3112000000,56110100,4060426894,138
19,999000000,1000000,95000000,189000000,440000000,320000000,280000000,200000000,240000000,320000000,110100,3124000000,56110100,4063810583,138
20,999000000,1000000,100000000,196000000,440000000,320000000,280000000,200000000,240000000,320000000,110100,3136000000,56110100,4067197092,137
21,999000000,1000000,105000000,203000000,440000000,320000000,280000000,200000000,240000000,320000000,110100,3148000000,56110100,4070586423,137
22,999000000,1000000,110000000,210000000,440000000,320000000,280000000,200000000,240000000,320000000,110100,3160000000,56110100,4073978578,137
23,999000000,1000000,115000000,217000000,440000000,320000000,280000000,200000000,240000000,320000000,110100,3172000000,56110100,4077373561,137
24,999000000,1000000,120000000,224000000,440000000,320000000,280000000,200000000,240000000,320000000,110100,3184000000,56110100,4080771372,137
25,999000000,1000000,125000000,231000000,440000000,320000000,280000000,200000000,240000000,320000000,110100,3196000000,56110100,4084172015,137
26,999000000,1000000,130000000,238000000,440000000,320000000,280000000,200000000,240000000,320000000,110100,3208000000,56110100,4087575491,137
27,999000000,1000000,135000000,245000000,440000000,320000000,280000000,200000000,240000000,320000000,110100,3220000000,56110100,4090981804,137
28,999000000,1000000,140000000,252000000,440000000,320000000,280000000,200000000,240000000,320000000,110100,3232000000,56110100,4094390956,137
29,999000000,1000000,145000000,259000000,440000000,320000000,280000000,200000000,240000000,320000000,110100,3244000000,56110100,4097802948,136
30,999000000,1000000,150000000,266000000,440000000,320000000,280000000,200000000,240000000,320000000,110100,3256000000,56110100,4101217784,136
31,999000000,1000000,155000000,273000000,440000000,320000000,280000000,200000000,240000000,320000000,110100,3268000000,56110100,4104635466,136
32,999000000,1000000,160000000,280000000,440000000,320000000,280000000,200000000,240000000,320000000,110100,3280000000,56110100,4108055995,136
33,999000000,1000000,165000000,287000000,440000000,320000000,280000000,200000000,240000000,320000000,110100,3292000000,56110100,4111479375,136
34,999000000,1000000,170000000,294000000,440000000,320000000,280000000,200000000,240000000,320000000,110100,3304000000,56110100,4114905608,136
35,999000000,1000000,175000000,301000000,440000000,320000000,280000000,200000000,240000000,320000000,110100,3316000000,56110100,4118334696,136
36,999000000,1000000,180000000,308000000,440000000,320000000,280000000,200000000,240000000,320000000,110100,3328000000,56110100,4121766642,136
37,999000000,1000000,185000000,315000000,440000000,320000000,280000000,200000000,240000000,320000000,110100,3340000000,56110100,4125201447,136
38,999000000,1000000,190000000,322000000,440000000,320000000,280000000,200000000,240000000,320000000,110100,3352000000,56110100,4128639115,135
39,999000000,1000000,195000000,329000000,440000000,320000000,280000000,200000000,240000000,320000000,110100,3364000000,56110100,4132079648,135
40,999000000,1000000,200000000,336000000,440000000,320000000,280000000,200000000,240000000,320000000,110100,3376000000,56110100,4135523047,135
41,999000000,1000000,205000000,343000000,440000000,320000000,280000000,200000000,240000000,320000000,110100,3388000000,56110100,4138969316,135
42,999000000,1000000,210000000,350000000,440000000,320000000,280000000,200000000,240000000,320000000,110100,3400000000,56110100,4142418458,135
43,999000000,1000000,215000000,357000000,440000000,320000000,280000000,200000000,240000000,320000000,110100,3412000000,56110100,4145870473,135
44,999000000,1000000,220000000,364000000,440000000,320000000,280000000,200000000,240000000,320000000,110100,3424000000,56110100,4149325365,135
45,999000000,1000000,225000000,371000000,440000000,320000000,280000000,200000000,240000000,320000000,110100,3436000000,56110100,4152783136,135
46,999000000,1000000,230000000,378000000,440000000,320000000,280000000,200000000,240000000,320000000,110100,3448000000,56110100,4156243789,135
47,999000000,1000000,235000000,385000000,440000000,320000000,280000000,200000000,240000000,320000000,110100,3460000000,56110100,4159707325,134
48,999000000,1000000,240000000,392000000,440000000,320000000,280000000,200000000,240000000,320000000,110100,3472000000,56110100,4163173748,134
49,999000000,1000000,245000000,399000000,440000000,320000000,280000000,200000000,240000000,320000000,110100,3484000000,56110100,4166643059,134
50,999000000,1000000,250000000,406000000,440000000,320000000,280000000,200000000,240000000,320000000,110100,3496000000,56110100,4170115262,134
51,999000000,1000000,255000000,413000000,440000000,320000000,280000000,200000000,240000000,320000000,110100,3508000000,56110100,4173590358,134
52,999000000,1000000,260000000,420000000,440000000,320000000,280000000,200000000,240000000,320000000,110100,3520000000,56110100,4177068350,134
53,999000000,1000000,265000000,427000000,440000000,320000000,280000000,200000000,240000000,320000000,110100,3532000000,56110100,4180549240,134
54,999000000,1000000,270000000,434000000,440000000,320000000,280000000,200000000,240000000,320000000,110100,3544000000,56110100,4184033031,134
55,999000000,1000000,275000000,441000000,440000000,320000000,280000000,200000000,240000000,320000000,110100,3556000000,56110100,4187519726,133
56,999000000,1000000,280000000,448000000,440000000,320000000,280000000,200000000,240000000,320000000,110100,3568000000,56110100,4191009325,133
57,999000000,1000000,285000000,455000000,440000000,320000000,280000000,200000000,240000000,320000000,110100,3580000000,56110100,4194501833,133
58,999000000,1000000,290000000,462000000,440000000,320000000,280000000,200000000,240000000,320000000,110100,3592000000,56110100,4197997251,133
59,999000000,1000000,295000000,469000000,440000000,320000000,280000000,200000000,240000000,320000000,110100,3604000000,56110100,4201495582,133
60,999000000,1000000,300000000,476000000,440000000,320000000,280000000,200000000,240000000,320000000,110100,3616000000,56110100,4204996829,133
61,999000000,1000000,305000000,483000000,440000000,320000000,280000000,200000000,240000000,320000000,110100,3628000000,56110100,4208500993,133
62,999000000,1000000,310000000,490000000,440000000,320000000,280000000,200000000,240000000,320000000,110100,3640000000,56110100,4212008077,133
63,999000000,1000000,315000000,497000000,440000000,320000000,280000000,200000000,240000000,320000000,110100,3652000000,56110100,4215518084,133
64,999000000,1000000,320000000,504000000,440000000,320000000,280000000,200000000,240000000,320000000,110100,3664000000,56110100,4219031015,132
65,999000000,1000000,325000000,511000000,440000000,320000000,280000000,200000000,240000000,320000000,110100,3676000000,56110100,4222546874,132
66,999000000,1000000,330000000,518000000,440000000,320000000,280000000,200000000,240000000,320000000,110100,3688000000,56110100,4226065664,132
67,999000000,1000000,335000000,525000000,440000000,320000000,280000000,200000000,240000000,320000000,110100,3700000000,56110100,4229587385,132
68,999000000,1000000,340000000,532000000,440000000,320000000,280000000,200000000,240000000,320000000,110100,3712000000,56110100,4233112041,132
69,999000000,1000000,345000000,539000000,440000000,320000000,280000000,200000000,240000000,320000000,110100,3724000000,56110100,4236639634,132
70,999000000,1000000,350000000,546000000,440000000,320000000,280000000,200000000,240000000,320000000,110100,3736000000,56110100,4240170167,132
71,999000000,1000000,355000000,553000000,440000000,320000000,280000000,200000000,240000000,320000000,110100,3748000000,56110100,4243703643,132
72,999000000,1000000,360000000,560000000,440000000,320000000,280000000,200000000,240000000,320000000,110100,3760000000,56110100,4247240062,132
73,999000000,1000000,365000000,560000000,440000000,320000000,280000000,200000000,240000000,320000000,110100,3765000000,56110100,4250779429,131
74,999000000,1000000,370000000,560000000,440000000,320000000,280000000,200000000,240000000,320000000,110100,3770000000,56110100,4254321745,131
75,999000000,1000000,375000000,560000000,440000000,320000000,280000000,200000000,240000000,320000000,110100,3775000000,56110100,4257867013,131
76,999000000,1000000,380000000,560000000,440000000,320000000,280000000,200000000,240000000,320000000,110100,3780000000,56110100,4261415236,131
77,999000000,1000000,385000000,560000000,440000000,320000000,280000000,200000000,240000000,320000000,110100,3785000000,56110100,4264966415,131
78,999000000,1000000,390000000,560000000,440000000,320000000,280000000,200000000,240000000,320000000,110100,3790000000,56110100,4268520554,131
79,999000000,1000000,395000000,560000000,440000000,320000000,280000000,200000000,240000000,320000000,110100,3795000000,56110100,4272077654,131
80,999000000,1000000,400000000,560000000,440000000,320000000,280000000,200000000,240000000,320000000,110100,3800000000,56110100,4275637719,131
81,999000000,1000000,405000000,560000000,440000000,320000000,280000000,200000000,240000000,320000000,110100,3805000000,56110100,4279200751,131
82,999000000,1000000,410000000,560000000,440000000,320000000,280000000,200000000,240000000,320000000,110100,3810000000,56110100,4282766751,131
83,999000000,1000000,415000000,560000000,440000000,320000000,280000000,200000000,240000000,320000000,110100,3815000000,56110100,4286335723,130
84,999000000,1000000,420000000,560000000,440000000,320000000,280000000,200000000,240000000,320000000,110100,3820000000,56110100,4289907670,130
85,999000000,1000000,425000000,560000000,440000000,320000000,280000000,200000000,240000000,320000000,110100,3825000000,56110100,4293482593,130
86,999000000,1000000,430000000,560000000,440000000,320000000,280000000,200000000,240000000,320000000,110100,3830000000,56110100,4297060495,130
87,999000000,1000000,435000000,560000000,440000000,320000000,280000000,200000000,240000000,320000000,110100,3835000000,56110100,4300641379,130
88,999000000,1000000,440000000,560000000,440000000,320000000,280000000,200000000,240000000,320000000,110100,3840000000,56110100,4304225247,130
89,999000000,1000000,445000000,560000000,440000000,320000000,280000000,200000000,240000000,320000000,110100,3845000000,56110100,4307812101,130
90,999000000,1000000,450000000,560000000,440000000,320000000,280000000,200000000,240000000,320000000,110100,3850000000,56110100,4311401944,130
91,999000000,1000000,455000000,560000000,440000000,320000000,280000000,200000000,240000000,320000000,110100,3855000000,56110100,4314994779,130
92,999000000,1000000,460000000,560000000,440000000,320000000,280000000,200000000,240000000,320000000,110100,3860000000,56110100,4318590608,129
93,999000000,1000000,465000000,560000000,440000000,320000000,280000000,200000000,240000000,320000000,110100,3865000000,56110100,4322189434,129
94,999000000,1000000,470000000,560000000,440000000,320000000,280000000,200000000,240000000,320000000,110100,3870000000,56110100,4325791258,129
95,999000000,1000000,475000000,560000000,440000000,320000000,280000000,200000000,240000000,320000000,110100,3875000000,56110100,4329396084,129
96,999000000,1000000,480000000,560000000,440000000,320000000,280000000,200000000,240000000,320000000,110100,3880000000,56110100,4333003915,129
97,999000000,1000000,485000000,560000000,440000000,320000000,280000000,200000000,240000000,320000000,110100,3885000000,56110100,4336614751,129
98,999000000,1000000,490000000,560000000,440000000,320000000,280000000,200000000,240000000,320000000,110100,3890000000,56110100,4340228597,129
99,999000000,1000000,495000000,560000000,440000000,320000000,280000000,200000000,240000000,320000000,110100,3895000000,56110100,4343845454,129
100,999000000,1000000,500000000,560000000,440000000,320000000,280000000,200000000,240000000,320000000,110100,3900000000,56110100,4347465325,129
101,999000000,1000000,505000000,560000000,440000000,320000000,280000000,200000000,240000000,320000000,110100,3905000000,56110100,4351088213,128
102,999000000,1000000,510000000,560000000,440000000,320000000,280000000,200000000,240000000,320000000,110100,3910000000,56110100,4354714120,128
103,999000000,1000000,515000000,560000000,440000000,320000000,280000000,200000000,240000000,320000000,110100,3915000000,56110100,4358343048,128
104,999000000,1000000,520000000,560000000,440000000,320000000,280000000,200000000,240000000,320000000,110100,3920000000,56110100,4361975001,128
105,999000000,1000000,525000000,560000000,440000000,320000000,280000000,200000000,240000000,320000000,110100,3925000000,56110100,4365609980,128
106,999000000,1000000,530000000,560000000,440000000,320000000,280000000,200000000,240000000,320000000,110100,3930000000,56110100,4369247988,128
107,999000000,1000000,535000000,560000000,440000000,320000000,280000000,200000000,240000000,320000000,110100,3935000000,56110100,4372889028,128
108,999000000,1000000,540000000,560000000,440000000,320000000,280000000,200000000,240000000,320000000,110100,3940000000,56110100,4376533102,128
109,999000000,1000000,545000000,560000000,440000000,320000000,280000000,200000000,240000000,320000000,110100,3945000000,56110100,4380180213,128
110,999000000,1000000,550000000,560000000,440000000,320000000,280000000,200000000,240000000,320000000,110100,3950000000,56110100,4383830363,127
111,999000000,1000000,555000000,560000000,440000000,320000000,280000000,200000000,240000000,320000000,110100,3955000000,56110100,4387483555,127
112,999000000,1000000,560000000,560000000,440000000,320000000,280000000,200000000,240000000,320000000,110100,3960000000,56110100,4391139792,127
113,999000000,1000000,565000000,560000000,440000000,320000000,280000000,200000000,240000000,320000000,110100,3965000000,56110100,4394799075,127
114,999000000,1000000,570000000,560000000,440000000,320000000,280000000,200000000,240000000,320000000,110100,3970000000,56110100,4398461407,127
115,999000000,1000000,575000000,560000000,440000000,320000000,280000000,200000000,240000000,320000000,110100,3975000000,56110100,4402126792,127
116,999000000,1000000,580000000,560000000,440000000,320000000,280000000,200000000,240000000,320000000,110100,3980000000,56110100,4405795231,127
117,999000000,1000000,585000000,560000000,440000000,320000000,280000000,200000000,240000000,320000000,110100,3985000000,56110100,4409466727,127
118,999000000,1000000,590000000,560000000,440000000,320000000,280000000,200000000,240000000,320000000,110100,3990000000,56110100,4413141283,127
119,999000000,1000000,595000000,560000000,440000000,320000000,280000000,200000000,240000000,320000000,110100,3995000000,56110100,4416818900,127
120,999000000,1000000,600000000,560000000,440000000,320000000,280000000,200000000,240000000,320000000,110100,4000000000,56110100,4420499583,126
